repository,source,line,methods,declared_route_without_blueprint_prefix,handler
hfg-booking,app/__init__.py,147,OPTIONS,/api,api_preflight
hfg-booking,app/__init__.py,147,OPTIONS,/api/<path:_path>,api_preflight
hfg-booking,controllers/booking_controller.py,1731,GET,/vendor/<int:vendor_id>/squad-pricing-policy,get_squad_pricing_policy
hfg-booking,controllers/booking_controller.py,1760,POST,/bookings/pricing-preview,booking_pricing_preview
hfg-booking,controllers/booking_controller.py,2138,GET,/bookings/pricing-estimate,booking_pricing_estimate
hfg-booking,controllers/booking_controller.py,2820,POST,/create_order,create_order
hfg-booking,controllers/booking_controller.py,2863,POST,/capture_payment,capture_payment
hfg-booking,controllers/booking_controller.py,2916,POST,/bookings,create_booking
hfg-booking,controllers/booking_controller.py,3187,POST,/release_slot,release_slot
hfg-booking,controllers/booking_controller.py,3235,POST,/generate_payment_link,generate_payment_link
hfg-booking,controllers/booking_controller.py,3605,POST,/bookings/confirm,confirm_booking
hfg-booking,controllers/booking_controller.py,3605,POST,/confirm/bookings,confirm_booking
hfg-booking,controllers/booking_controller.py,4441,POST,/redeem-voucher,redeem_voucher
hfg-booking,controllers/booking_controller.py,4479,GET,/users/bookings,get_user_bookings
hfg-booking,controllers/booking_controller.py,4517,DELETE,/bookings/<int:booking_id>,cancel_booking
hfg-booking,controllers/booking_controller.py,4534,POST,/bookings/direct,direct_booking
hfg-booking,controllers/booking_controller.py,4755,POST,/bookings/reject,reject_booking
hfg-booking,controllers/booking_controller.py,4913,PUT,/update_booking/<int:booking_id>,update_booking
hfg-booking,controllers/booking_controller.py,5019,GET,/vendor/<int:vendor_id>/bookings,get_vendor_bookings
hfg-booking,controllers/booking_controller.py,5057,POST,/newBooking/vendor/<int:vendor_id>,new_booking
hfg-booking,controllers/booking_controller.py,6583,POST,/bookings/cancel,cancel_bookings_route
hfg-booking,controllers/booking_controller.py,6610,POST,/bookings/cancel/app,cancel_bookings_app_route
hfg-booking,controllers/booking_controller.py,6976,POST,/bookings/no-show,mark_bookings_no_show_route
hfg-booking,controllers/booking_controller.py,7003,POST,/bookings/no-show/app,mark_bookings_no_show_app_route
hfg-booking,controllers/booking_controller.py,7053,GET|OPTIONS,/booking/<int:booking_id>/details,get_booking_details
hfg-booking,controllers/booking_controller.py,7191,POST,/vendor/<int:vendor_id>/validate-meals,validate_selected_meals
hfg-booking,controllers/booking_controller.py,7255,GET,/vendor/<int:vendor_id>/booking-stats,get_vendor_booking_stats
hfg-booking,controllers/booking_controller.py,7330,POST,/extraBooking,extra_booking
hfg-booking,controllers/booking_controller.py,7539,GET,/getAllBooking/vendor/<int:vendor_id>/<string:date>/,get_all_booking
hfg-booking,controllers/booking_controller.py,7599,GET|PUT|OPTIONS,/vendor/<int:vendor_id>/booking-field-confg,vendor_booking_field_config
hfg-booking,controllers/booking_controller.py,7599,GET|PUT|OPTIONS,/vendor/<int:vendor_id>/booking-field-config,vendor_booking_field_config
hfg-booking,controllers/booking_controller.py,7677,GET|POST|OPTIONS,/vendor/<string:vendor_id>/users,get_user_details
hfg-booking,controllers/booking_controller.py,7936,GET,/vendor/<string:vendor_id>/getConsoleStatus/<int:console_id>,get_console_status
hfg-booking,controllers/booking_controller.py,7969,POST,/jobs/render/create,create_render_one_off_job
hfg-booking,controllers/booking_controller.py,8021,POST,/release_slot_job,release_slot_controller
hfg-booking,controllers/booking_controller.py,8166,GET,/pay-at-cafe/settings/<int:vendor_id>,get_pay_at_cafe_settings
hfg-booking,controllers/booking_controller.py,8177,PUT,/pay-at-cafe/settings/<int:vendor_id>,update_pay_at_cafe_settings
hfg-booking,controllers/booking_controller.py,8193,GET,/pay-at-cafe/queue-summary/<int:vendor_id>,get_pay_at_cafe_queue_summary
hfg-booking,controllers/booking_controller.py,8387,GET,/pay-at-cafe/queue-list/<int:vendor_id>,get_pay_at_cafe_queue_list
hfg-booking,controllers/booking_controller.py,8506,GET,/pay-at-cafe/pending/<int:vendor_id>,get_pending_pay_at_cafe_bookings
hfg-booking,controllers/booking_controller.py,8726,GET,/pay-at-cafe/email-action,pay_at_cafe_email_action
hfg-booking,controllers/booking_controller.py,8824,POST,/pay-at-cafe/accept,accept_pay_at_cafe_booking
hfg-booking,controllers/booking_controller.py,9127,POST,/pay-at-cafe/reject,reject_pay_at_cafe_booking
hfg-booking,controllers/booking_controller.py,9272,POST|OPTIONS,/booking/<int:booking_id>/add-meals,add_meals_to_booking
hfg-booking,controllers/booking_controller.py,9643,GET,/booking/<int:booking_id>/payment-summary,booking_payment_summary
hfg-booking,controllers/booking_controller.py,9671,POST,/booking/<int:booking_id>/settle-pending,settle_pending_booking_transactions
hfg-booking,controllers/booking_controller.py,10015,POST,/kiosk/next-slot/check/vendor/<int:vendor_id>,kiosk_check_next_slot
hfg-booking,controllers/booking_controller.py,10099,POST,/kiosk/next-slot/vendor/<int:vendor_id>,kiosk_book_next_slot
hfg-booking,controllers/booking_controller.py,10469,GET,/vendor/<int:vendor_id>/booking-records,get_slot_bookings
hfg-booking,controllers/booking_controller.py,10469,GET,/vendor/<int:vendor_id>/slot-bookings,get_slot_bookings
hfg-booking,controllers/booking_controller.py,10621,GET|PUT,/vendor/<int:vendor_id>/tax-profile,vendor_tax_profile
hfg-booking,controllers/booking_controller.py,10662,GET,/vendor/<int:vendor_id>/time-wallet/<int:user_id>,get_time_wallet
hfg-booking,controllers/booking_controller.py,10705,POST,/vendor/<int:vendor_id>/time-wallet/credit-unused,credit_unused_slots_to_wallet
hfg-booking,controllers/booking_controller.py,10782,GET,/vendor/<int:vendor_id>/monthly-credit/eligibility/<int:user_id>,monthly_credit_eligibility
hfg-booking,controllers/booking_controller.py,10795,GET|PUT,/vendor/<int:vendor_id>/monthly-credit/accounts,monthly_credit_accounts
hfg-booking,controllers/booking_controller.py,10860,GET,/vendor/<int:vendor_id>/monthly-credit/statement/<int:user_id>,monthly_credit_statement
hfg-booking,controllers/booking_controller.py,10921,POST,/vendor/<int:vendor_id>/monthly-credit/settle,settle_monthly_credit
hfg-booking,controllers/game_controller.py,50,GET,/games,get_all_games
hfg-booking,controllers/game_controller.py,61,GET,/games/vendor/<int:vendor_id>,get_games_by_vendor_id
hfg-booking,controllers/game_controller.py,194,POST,/bookings,create_booking
hfg-booking,controllers/game_controller.py,208,GET,/bookings/user/<int:user_id>,get_user_bookings
hfg-booking,controllers/game_controller.py,218,DELETE,/bookings/<int:booking_id>,cancel_booking
hfg-booking,controllers/game_controller.py,228,GET,/getAllConsole/vendor/<int:vendor_id>,get_all_console_by_vendor_id
hfg-booking,controllers/game_controller.py,293,GET,/console-types/vendor/<int:vendor_id>,get_console_types_by_vendor
hfg-booking,controllers/game_controller.py,305,GET,/console-types,get_console_types
hfg-booking,controllers/game_controller.py,328,GET,/console-types/vendor/<int:vendor_id>/overrides,get_console_type_overrides
hfg-booking,controllers/game_controller.py,341,POST,/console-types/vendor/<int:vendor_id>/overrides,create_or_update_console_type_override
hfg-booking,controllers/game_controller.py,364,DELETE,/console-types/vendor/<int:vendor_id>/overrides/<string:slug>,deactivate_console_type_override
hfg-booking,controllers/gaming_type_controller.py,7,GET,/gaming-types,get_gaming_types
hfg-booking,controllers/gaming_type_controller.py,12,POST,/gaming-types,create_gaming_type
hfg-booking,controllers/gaming_type_controller.py,18,DELETE,/gaming-types/<int:gaming_type_id>,delete_gaming_type
hfg-booking,controllers/pass_controller.py,165,POST,/pass/validate,validate_pass
hfg-booking,controllers/pass_controller.py,251,GET,/pass/dashboard/valid-options,get_dashboard_user_valid_passes
hfg-booking,controllers/pass_controller.py,353,POST,/pass/dashboard/otp/send,send_dashboard_pass_otp
hfg-booking,controllers/pass_controller.py,462,POST,/pass/dashboard/otp/verify,verify_dashboard_pass_otp
hfg-booking,controllers/pass_controller.py,521,POST,/pass/redeem/dashboard,redeem_pass_dashboard
hfg-booking,controllers/pass_controller.py,619,POST,/pass/redeem/app,redeem_pass_app
hfg-booking,controllers/pass_controller.py,694,GET,/pass/user/active,get_user_active_passes
hfg-booking,controllers/pass_controller.py,714,GET,/pass/<int:user_pass_id>/history,get_pass_history
hfg-booking,controllers/pass_controller.py,733,POST,/pass/redemption/<int:redemption_id>/cancel,cancel_redemption
hfg-booking,controllers/pass_controller.py,760,POST,/pass/create-hour-pass,create_hour_pass
hfg-booking,controllers/pass_controller.py,795,POST,/user/passes/purchase,purchase_pass
hfg-booking,controllers/pass_controller.py,908,GET,/vendor/<int:vendor_id>/passes/available,get_available_passes_for_purchase
hfg-booking,controllers/slot_controller.py,336,GET,/slots,get_slots
hfg-booking,controllers/slot_controller.py,346,GET,/getSlots/vendor/<int:vendorId>/game/<int:gameId>/<string:date>,get_slots_on_game_id
hfg-booking,controllers/slot_controller.py,433,POST,/getSlotsBatch/vendor/<int:vendorId>,get_slots_batch
hfg-booking,controllers/slot_controller.py,591,GET,/getSlotList/vendor/<int:vendor_id>/game/<int:game_id>,get_next_six_slot_for_game
hfg-dashboard-service,app/controllers/access_controller.py,72,POST,/session/owner,issue_owner_session
hfg-dashboard-service,app/controllers/access_controller.py,162,POST,/unlock,unlock_staff_session
hfg-dashboard-service,app/controllers/access_controller.py,192,GET,/staff,list_staff
hfg-dashboard-service,app/controllers/access_controller.py,208,POST,/staff,create_staff_member
hfg-dashboard-service,app/controllers/access_controller.py,234,PATCH,/staff/<int:staff_id>,update_staff_member
hfg-dashboard-service,app/controllers/access_controller.py,330,DELETE,/staff/<int:staff_id>,delete_staff_member
hfg-dashboard-service,app/controllers/access_controller.py,346,GET,/role-permissions,get_permissions
hfg-dashboard-service,app/controllers/access_controller.py,360,PUT,/role-permissions,update_permissions
hfg-dashboard-service,app/controllers/access_controller.py,376,DELETE,/role-permissions,reset_permissions
hfg-dashboard-service,app/controllers/admin_games_controller.py,11,POST,/games,create_game
hfg-dashboard-service,app/controllers/admin_games_controller.py,43,PUT,/games/<int:game_id>,update_game
hfg-dashboard-service,app/controllers/booking_bridge_controller.py,8,GET,/status,status
hfg-dashboard-service,app/controllers/booking_bridge_controller.py,12,POST,/join,join_vendor_room
hfg-dashboard-service,app/controllers/booking_bridge_controller.py,24,POST,/leave,leave_vendor_room
hfg-dashboard-service,app/controllers/event_controller.py,106,POST,/getJwt,issue_jwt
hfg-dashboard-service,app/controllers/event_controller.py,162,POST,/,post_event
hfg-dashboard-service,app/controllers/event_controller.py,175,GET,/,get_events
hfg-dashboard-service,app/controllers/event_controller.py,184,GET,/<uuid:event_id>,get_event
hfg-dashboard-service,app/controllers/event_controller.py,194,GET,/<uuid:event_id>/detail,get_event_detail
hfg-dashboard-service,app/controllers/event_controller.py,208,PATCH,/<uuid:event_id>,patch_event
hfg-dashboard-service,app/controllers/event_controller.py,220,POST,/upload-banner,upload_banner
hfg-dashboard-service,app/controllers/event_controller.py,248,DELETE,/delete-banner,delete_banner
hfg-dashboard-service,app/controllers/internal_ws_controller.py,28,POST,/unlock,internal_send_unlock
hfg-dashboard-service,app/controllers/internal_ws_controller.py,98,POST,/store-updated,internal_store_updated
hfg-dashboard-service,app/controllers/package_controller.py,48,GET,/,list_packages
hfg-dashboard-service,app/controllers/package_controller.py,87,GET,/<package_code>,get_package
hfg-dashboard-service,app/controllers/package_controller.py,114,GET,/admin/catalog,admin_catalog
hfg-dashboard-service,app/controllers/package_controller.py,123,PUT,/admin/catalog,upsert_admin_catalog
hfg-dashboard-service,app/controllers/package_controller.py,172,DELETE,/admin/catalog/<package_code>,delete_admin_catalog_item
hfg-dashboard-service,app/controllers/pricingController.py,157,GET,/vendor/<int:vendor_id>/pricing-offers,get_pricing_offers
hfg-dashboard-service,app/controllers/pricingController.py,205,GET,/vendor/<int:vendor_id>/active-pricing,get_active_pricing
hfg-dashboard-service,app/controllers/pricingController.py,295,POST,/vendor/<int:vendor_id>/pricing-offers,create_pricing_offer
hfg-dashboard-service,app/controllers/pricingController.py,442,PUT,/vendor/<int:vendor_id>/pricing-offers/<int:offer_id>,update_pricing_offer
hfg-dashboard-service,app/controllers/pricingController.py,512,DELETE,/vendor/<int:vendor_id>/pricing-offers/<int:offer_id>,delete_pricing_offer
hfg-dashboard-service,app/controllers/pricingController.py,550,GET,/vendor/<int:vendor_id>/available-games,get_vendor_available_games
hfg-dashboard-service,app/controllers/pricingController.py,567,GET,/vendor/<int:vendor_id>/controller-pricing,get_controller_pricing
hfg-dashboard-service,app/controllers/pricingController.py,607,PUT,/vendor/<int:vendor_id>/controller-pricing,upsert_controller_pricing
hfg-dashboard-service,app/controllers/pricingController.py,744,GET,/vendor/<int:vendor_id>/controller-pricing/calculate,calculate_controller_pricing
hfg-dashboard-service,app/controllers/pricingController.py,798,GET,/vendor/<int:vendor_id>/squad-pricing-rules,get_squad_pricing_rules
hfg-dashboard-service,app/controllers/pricingController.py,837,PUT,/vendor/<int:vendor_id>/squad-pricing-rules,upsert_squad_pricing_rules
hfg-dashboard-service,app/controllers/registration_controller.py,18,GET,/,list_registrations
hfg-dashboard-service,app/controllers/registration_controller.py,47,PATCH,/<uuid:registration_id>/payment,update_payment_status
hfg-dashboard-service,app/controllers/result_controller.py,31,GET,/winners,list_winners
hfg-dashboard-service,app/controllers/result_controller.py,78,POST,/publish,publish_winners
hfg-dashboard-service,app/controllers/review_controller.py,94,GET,/,list_reviews
hfg-dashboard-service,app/controllers/review_controller.py,175,GET,/summary,reviews_summary
hfg-dashboard-service,app/controllers/review_controller.py,214,PATCH,/<uuid:review_id>/response,respond_review
hfg-dashboard-service,app/controllers/review_controller.py,256,PATCH,/<uuid:review_id>/status,update_review_status
hfg-dashboard-service,app/controllers/subscription_controller.py,75,GET,/,get_subscription
hfg-dashboard-service,app/controllers/subscription_controller.py,101,GET,/status,check_subscription_status
hfg-dashboard-service,app/controllers/subscription_controller.py,127,POST,/provision-default,provision_default
hfg-dashboard-service,app/controllers/subscription_controller.py,138,POST,/change,change
hfg-dashboard-service,app/controllers/subscription_controller.py,180,GET,/limit,get_limit
hfg-dashboard-service,app/controllers/subscription_controller.py,188,POST,/create-order,create_payment_order
hfg-dashboard-service,app/controllers/subscription_controller.py,256,POST,/verify-payment,verify_and_activate
hfg-dashboard-service,app/controllers/subscription_controller.py,438,GET,/history,get_subscription_history
hfg-dashboard-service,app/controllers/subscription_controller.py,471,GET,/history/<int:subscription_id>/invoice,get_subscription_invoice
hfg-dashboard-service,app/controllers/subscription_controller.py,545,POST,/debug/force-expire,debug_force_expire
hfg-dashboard-service,app/controllers/subscription_controller.py,563,GET,/check-payment/<order_id>,check_payment_status
hfg-dashboard-service,app/controllers/team_controller.py,18,GET,/,list_teams
hfg-dashboard-service,app/controllers/team_controller.py,42,GET,/<uuid:team_id>/members,list_members
hfg-dashboard-service,app/controllers/tournament_engine_controller.py,41,POST,/check-in/open,open_event_check_in
hfg-dashboard-service,app/controllers/tournament_engine_controller.py,50,POST,/check-in/close,close_event_check_in
hfg-dashboard-service,app/controllers/tournament_engine_controller.py,59,POST,/bracket/generate,generate_bracket
hfg-dashboard-service,app/controllers/tournament_engine_controller.py,76,GET,/bracket,get_event_bracket
hfg-dashboard-service,app/controllers/tournament_engine_controller.py,83,GET,/matches,get_event_matches
hfg-dashboard-service,app/controllers/tournament_engine_controller.py,90,PATCH,/matches/<uuid:match_id>,patch_match
hfg-dashboard-service,app/controllers/tournament_engine_controller.py,98,POST,/matches/<uuid:match_id>/start,start_event_match
hfg-dashboard-service,app/controllers/tournament_engine_controller.py,111,POST,/matches/<uuid:match_id>/admin-result,admin_match_result
hfg-dashboard-service,app/controllers/tournament_engine_controller.py,124,POST,/matches/<uuid:match_id>/resolve-dispute,resolve_match_dispute
hfg-dashboard-service,app/controllers/vendor_games.py,66,GET,/vendor/<int:vendor_id>/available-games,get_available_games
hfg-dashboard-service,app/controllers/vendor_games.py,85,GET,/vendor/<int:vendor_id>/platforms/<string:platform_type>/consoles,get_consoles_by_platform
hfg-dashboard-service,app/controllers/vendor_games.py,138,GET,/games,get_all_games
hfg-dashboard-service,app/controllers/vendor_games.py,148,GET,/games/<int:game_id>,get_game_details
hfg-dashboard-service,app/controllers/vendor_games.py,158,GET,/vendor/<int:vendor_id>/vendor-games,list_vendor_games
hfg-dashboard-service,app/controllers/vendor_games.py,301,POST,/vendor/<int:vendor_id>/vendor-games,add_game_to_consoles
hfg-dashboard-service,app/controllers/vendor_games.py,381,PUT,/vendor/<int:vendor_id>/vendor-games/<int:vendor_game_id>,update_vendor_game
hfg-dashboard-service,app/controllers/vendor_games.py,421,DELETE,/vendor/<int:vendor_id>/vendor-games/<int:vendor_game_id>,delete_vendor_game
hfg-dashboard-service,app/controllers/vendor_games.py,448,DELETE,/vendor/<int:vendor_id>/games/<int:game_id>/bulk-delete,bulk_delete_game
hfg-dashboard-service,app/controllers/vendor_games.py,479,POST,/games/<int:game_id>/image,upload_game_image
hfg-dashboard-service,app/controllers/vendor_games.py,501,DELETE,/games/<int:game_id>/image,delete_game_image
hfg-dashboard-service,app/controllers/vendor_pc_controller.py,15,GET,/,get_pcs
hfg-dashboard-service,app/controllers/vendor_pc_controller.py,69,POST,/link,link_pc
hfg-dashboard-service,app/controllers/vendor_pc_controller.py,92,POST,/unlink,unlink_pc
hfg-dashboard-service,app/models/routes.py,30,GET,/transactionReport/<int:vendor_id>/<string:to_date>/<string:from_date>,get_transaction_report
hfg-dashboard-service,app/models/routes.py,67,GET,/db-check,check_db_connection
hfg-dashboard-service,app/models/routes.py,76,POST,/addConsole,add_console
hfg-dashboard-service,app/models/routes.py,89,GET,/getConsoles/vendor/<int:vendor_id>,get_consoles
hfg-dashboard-service,app/models/routes.py,133,DELETE,/console/<int:vendor_id>/<int:console_id>,delete_console
hfg-dashboard-service,app/models/routes.py,213,PUT,/console/update/vendor/<vendor_id>,update_console
hfg-dashboard-service,app/models/routes.py,277,GET,/getAllDevice/consoleTypeId/<gameid>/vendor/<vendor_id>,get_device_for_console_type
hfg-dashboard-service,app/models/routes.py,313,POST,/updateDeviceStatus/consoleTypeId/<gameid>/console/<console_id>/bookingId/<booking_id>/vendor/<vendor_id>,update_console_status
hfg-dashboard-service,app/models/routes.py,373,POST,/releaseDevice/consoleTypeId/<gameid>/console/<console_id>/vendor/<vendor_id>,release_console
hfg-dashboard-service,app/models/routes.py,432,GET,/getAllDevice/vendor/<vendor_id>,get_all_device_for_vendor
hfg-dashboard-service,app/models/routes.py,469,GET,/getLandingPage/vendor/<int:vendor_id>,get_landing_page_vendor
hfg-dashboard-service,app/models/routes.py,600,GET,/vendor/<int:vendor_id>/dashboard,get_vendor_dashboard
hfg-dashboard-service,app/routes.py,354,GET,/transactionReport/<int:vendor_id>/<string:to_date>/<string:from_date>,get_transaction_report
hfg-dashboard-service,app/routes.py,452,GET|PUT,/vendor/<int:vendor_id>/tax-profile,vendor_tax_profile
hfg-dashboard-service,app/routes.py,524,GET,/db-check,check_db_connection
hfg-dashboard-service,app/routes.py,533,POST,/addConsole,add_console
hfg-dashboard-service,app/routes.py,553,GET,/console/<int:console_id>,get_console
hfg-dashboard-service,app/routes.py,558,GET,/vendor/<int:vendor_id>/console-pricing,get_console_pricing
hfg-dashboard-service,app/routes.py,592,POST,/vendor/<int:vendor_id>/console-pricing,update_console_pricing
hfg-dashboard-service,app/routes.py,631,GET,/getConsoles/vendor/<int:vendor_id>,get_consoles
hfg-dashboard-service,app/routes.py,833,GET,/console-types,get_console_types
hfg-dashboard-service,app/routes.py,833,GET,/console-types/vendor/<int:vendor_id>,get_console_types
hfg-dashboard-service,app/routes.py,849,GET,/console-types/vendor/<int:vendor_id>/overrides,get_console_type_overrides
hfg-dashboard-service,app/routes.py,861,POST,/console-types/vendor/<int:vendor_id>/overrides,create_or_update_console_type_override
hfg-dashboard-service,app/routes.py,884,DELETE,/console-types/vendor/<int:vendor_id>/overrides/<string:slug>,deactivate_console_type_override
hfg-dashboard-service,app/routes.py,904,DELETE,/console/<int:vendor_id>/<int:console_id>,delete_console
hfg-dashboard-service,app/routes.py,1035,PUT,/console/update/vendor/<int:vendor_id>,update_console
hfg-dashboard-service,app/routes.py,1144,GET,/getAllDevice/consoleTypeId/<gameid>/vendor/<vendor_id>,get_device_for_console_type
hfg-dashboard-service,app/routes.py,1285,POST,/updateDeviceStatus/consoleTypeId/<gameid>/console/<console_id>/bookingId/<booking_id>/vendor/<vendor_id>,update_console_status
hfg-dashboard-service,app/routes.py,1847,POST,/assignConsoleToMultipleBookings,assign_console_to_multiple_bookings
hfg-dashboard-service,app/routes.py,1879,POST,/kiosk/start-session,kiosk_start_session
hfg-dashboard-service,app/routes.py,2274,POST,/kiosk/unlink,kiosk_unlink
hfg-dashboard-service,app/routes.py,2325,POST,/releaseDevice/consoleTypeId/<gameid>/console/<console_id>/vendor/<vendor_id>,release_console
hfg-dashboard-service,app/routes.py,2547,GET,/getAllDevice/vendor/<int:vendor_id>,get_all_device_for_vendor
hfg-dashboard-service,app/routes.py,2588,GET,/getLandingPage/vendor/<int:vendor_id>,get_landing_page_vendor
hfg-dashboard-service,app/routes.py,3158,GET,/vendor/<int:vendor_id>/dashboard,get_vendor_dashboard
hfg-dashboard-service,app/routes.py,3419,PUT,/vendor/<int:vendor_id>/documents/<int:document_id>,update_vendor_document
hfg-dashboard-service,app/routes.py,3459,POST,/vendor/<int:vendor_id>/documents,upload_vendor_document_by_type
hfg-dashboard-service,app/routes.py,3502,GET,/vendor/<int:vendor_id>/knowYourGamer,get_your_gamers
hfg-dashboard-service,app/routes.py,3593,GET,/vendor/<int:vendor_id>/knowYourGamer/stats,get_your_gamers_stats
hfg-dashboard-service,app/routes.py,3762,GET,/vendor/master,get_master_stats
hfg-dashboard-service,app/routes.py,3887,GET,/vendor/<int:vendor_id>/extras/categories,list_categories_with_menus
hfg-dashboard-service,app/routes.py,3911,POST,/vendor/<int:vendor_id>/extras/category,add_extra_service_category
hfg-dashboard-service,app/routes.py,3940,POST,/vendor/<int:vendor_id>/extras/category/<int:category_id>/menu,add_extra_service_menu
hfg-dashboard-service,app/routes.py,3964,PUT,/vendor/<int:vendor_id>/extras/category/<int:category_id>,update_extra_service_category
hfg-dashboard-service,app/routes.py,3996,DELETE,/vendor/<int:vendor_id>/extras/category/<int:category_id>,delete_extra_service_category
hfg-dashboard-service,app/routes.py,4029,PUT,/vendor/<int:vendor_id>/extras/category/<int:category_id>/menu/<int:menu_id>,update_extra_service_menu
hfg-dashboard-service,app/routes.py,4065,DELETE,/vendor/<int:vendor_id>/extras/category/<int:category_id>/menu/<int:menu_id>,delete_extra_service_menu
hfg-dashboard-service,app/routes.py,4126,GET,/pass_types,list_pass_types
hfg-dashboard-service,app/routes.py,4136,POST,/pass_types,add_pass_type
hfg-dashboard-service,app/routes.py,4191,GET,/vendor/<int:vendor_id>/extra-services,get_extra_services
hfg-dashboard-service,app/routes.py,4200,POST,/vendor/<int:vendor_id>/extra-services/category,create_category
hfg-dashboard-service,app/routes.py,4210,POST,/vendor/<int:vendor_id>/extra-services/category/<int:category_id>/menu,create_menu_item
hfg-dashboard-service,app/routes.py,4234,DELETE,/vendor/<int:vendor_id>/extra-services/category/<int:category_id>,delete_category
hfg-dashboard-service,app/routes.py,4243,DELETE,/vendor/<int:vendor_id>/extra-services/category/<int:category_id>/menu/<int:menu_id>,delete_menu_item
hfg-dashboard-service,app/routes.py,4253,PATCH,/vendor/<int:vendor_id>/extra-services/category/<int:category_id>/menu/<int:menu_id>/inventory,update_menu_inventory
hfg-dashboard-service,app/routes.py,4264,PATCH,/vendor/<int:vendor_id>/extra-services/category/<int:category_id>/menu/<int:menu_id>/status,update_menu_item_status
hfg-dashboard-service,app/routes.py,4279,GET,/vendor/<int:vendor_id>/extra-services/low-stock-alerts,get_extra_services_low_stock_alerts
hfg-dashboard-service,app/routes.py,4289,POST,/admin/hash_pass,create_hash_pass
hfg-dashboard-service,app/routes.py,4347,POST,/vendor/<int:vendor_id>/update-profile-image,update_profile_image
hfg-dashboard-service,app/routes.py,4436,GET,/vendor/<int:vendor_id>/profile-image,get_vendor_profile_image
hfg-dashboard-service,app/routes.py,4467,DELETE,/vendor/<int:vendor_id>/delete-profile-image,delete_vendor_profile_image
hfg-dashboard-service,app/routes.py,4507,PATCH,/vendor/<int:vendor_id>/business-details,update_business_details
hfg-dashboard-service,app/routes.py,4610,GET,/vendor/<int:vendor_id>/bank-details,get_bank_details
hfg-dashboard-service,app/routes.py,4648,GET,/vendor/<int:vendor_id>/bank-details/history,get_bank_details_history
hfg-dashboard-service,app/routes.py,4712,POST|PUT,/vendor/<int:vendor_id>/bank-details,add_or_update_bank_details
hfg-dashboard-service,app/routes.py,4914,GET,/vendor/<int:vendor_id>/payouts,get_payout_history
hfg-dashboard-service,app/routes.py,4956,GET,/vendor/<int:vendor_id>/notification-preferences,get_vendor_notification_preferences
hfg-dashboard-service,app/routes.py,5014,PUT,/vendor/<int:vendor_id>/notification-preferences,upsert_vendor_notification_preferences
hfg-dashboard-service,app/routes.py,5088,GET,/vendor/<int:vendor_id>/settlements/summary,get_vendor_settlement_summary
hfg-dashboard-service,app/routes.py,5199,POST,/vendor/<int:vendor_id>/payouts,create_payout
hfg-dashboard-service,app/routes.py,5399,GET,/vendor/<int:vendor_id>/paymentMethods,get_all_payment_methods_for_vendor
hfg-dashboard-service,app/routes.py,5426,POST,/vendor/<int:vendor_id>/paymentMethods/toggle,toggle_payment_method_for_vendor
hfg-dashboard-service,app/routes.py,5486,GET,/vendor/<int:vendor_id>/payment-methods/stats,get_payment_method_stats
hfg-dashboard-service,app/routes.py,5537,GET,/booking/<int:booking_id>/details,get_booking_details
hfg-dashboard-service,app/routes.py,5620,GET,/vendor/<int:vendor_id>/passes,get_vendor_passes
hfg-dashboard-service,app/routes.py,5712,GET,/vendor/<int:vendor_id>/passes/by-mode,get_vendor_passes_by_mode
hfg-dashboard-service,app/routes.py,5718,POST,/vendor/<int:vendor_id>/passes,create_vendor_pass
hfg-dashboard-service,app/routes.py,5790,PUT,/vendor/<int:vendor_id>/passes/<int:pass_id>,update_vendor_pass
hfg-dashboard-service,app/routes.py,5855,DELETE,/vendor/<int:vendor_id>/passes/<int:pass_id>,delete_vendor_pass
hfg-onboard,app/__init__.py,143,GET|HEAD,/,root
hfg-onboard,app/__init__.py,148,GET,/api/health,health_check
hfg-onboard,controllers/collaborator_controller.py,26,POST,/collaborators,create_collaborator
hfg-onboard,controllers/collaborator_controller.py,52,GET,/collaborators,list_collaborators
hfg-onboard,controllers/collaborator_controller.py,69,PUT,/collaborators/<uuid:collaborator_id>,update_collaborator
hfg-onboard,controllers/collaborator_controller.py,81,DELETE,/collaborators/<uuid:collaborator_id>,delete_collaborator
hfg-onboard,controllers/collaborator_controller.py,92,POST,/collaborators/<uuid:collaborator_id>/products,add_product
hfg-onboard,controllers/collaborator_controller.py,129,GET,/collaborators/<uuid:collaborator_id>/products,list_products
hfg-onboard,controllers/collaborator_controller.py,148,PUT,/products/<uuid:product_id>,update_product
hfg-onboard,controllers/collaborator_controller.py,161,DELETE,/products/<uuid:product_id>,delete_product
hfg-onboard,controllers/controllers.py,712,GET,/health,health_check
hfg-onboard,controllers/controllers.py,758,POST,/self-onboard/send-email-otp,send_self_onboard_email_otp
hfg-onboard,controllers/controllers.py,843,POST,/self-onboard/verify-email-otp,verify_self_onboard_email_otp
hfg-onboard,controllers/controllers.py,879,POST,/onboard,onboard_vendor
hfg-onboard,controllers/controllers.py,1098,GET,/vendor/branch-defaults,get_branch_onboard_defaults
hfg-onboard,controllers/controllers.py,1123,DELETE,/deboard/<int:vendor_id>,deboard_vendor
hfg-onboard,controllers/controllers.py,1135,GET,/vendor/<int:vendor_id>/documents,get_unverified_documents
hfg-onboard,controllers/controllers.py,1143,POST,/vendor/<int:vendor_id>/documents,upload_vendor_missing_document
hfg-onboard,controllers/controllers.py,1226,PUT,/vendor/<int:vendor_id>/documents/<int:document_id>,replace_vendor_document
hfg-onboard,controllers/controllers.py,1288,POST,/vendor/document/<int:document_id>/verify,verify_document
hfg-onboard,controllers/controllers.py,1294,POST,/vendor/documents/verify,verify_documents
hfg-onboard,controllers/controllers.py,1309,GET,/vendor/dashboard,get_vendor_dashboard
hfg-onboard,controllers/controllers.py,1321,GET,/vendor/getAllGamingCafe,get_all_gaming_cafe
hfg-onboard,controllers/controllers.py,1337,GET,/vendor/gaming-cafes/search,search_gaming_cafes
hfg-onboard,controllers/controllers.py,1368,POST,/upload-photos/<int:vendor_id>,upload_photos
hfg-onboard,controllers/controllers.py,1399,GET,/vendor/<int:vendor_id>/photos,get_vendor_photos
hfg-onboard,controllers/controllers.py,1432,POST,/bookingQueue,insert_to_queue
hfg-onboard,controllers/controllers.py,1492,GET,/bookingQueue,poll_queue
hfg-onboard,controllers/controllers.py,1597,POST,/bookingQueue/next-slot/check,kiosk_next_slot_check_proxy
hfg-onboard,controllers/controllers.py,1633,POST,/bookingQueue/next-slot/confirm,kiosk_next_slot_confirm_proxy
hfg-onboard,controllers/controllers.py,1680,POST,/accessCodeUnlock,unlock_with_code
hfg-onboard,controllers/controllers.py,1720,POST,/vendor/<int:vendor_id>/add-image,upload_vendor_image
hfg-onboard,controllers/controllers.py,1811,GET,/vendor/<int:vendor_id>/dashboard,get_vendor_dashboard_data
hfg-onboard,controllers/controllers.py,1867,DELETE,/vendor/<int:vendor_id>/delete-image/<int:image_id>,delete_vendor_image
hfg-onboard,controllers/controllers.py,1959,DELETE,/vendor/<int:vendor_id>/delete-image-by-url,delete_vendor_image_by_url
hfg-onboard,controllers/controllers.py,2016,POST,/vendor/<int:vendor_id>/send-otp,send_otp
hfg-onboard,controllers/controllers.py,2043,POST,/vendor/<int:vendor_id>/verify-otp,verify_otp
hfg-onboard,controllers/controllers.py,2077,GET,/vendor/<int:vendor_id>/check-verification,check_verification
hfg-onboard,controllers/controllers.py,2103,POST,/vendor/<int:vendor_id>/updateSlot,update_slot
hfg-onboard,controllers/controllers.py,2272,POST,/vendor/<int:vendor_id>/extendSlotWindow,extend_slot_window
hfg-onboard,controllers/controllers.py,2371,POST,/cron/slots/vendors/<int:vendor_id>/next-20-days,cron_extend_slots_for_vendor
hfg-onboard,controllers/controllers.py,2413,POST,/cron/slots/active-cafes/next-20-days,cron_extend_slots_for_all_active_cafes
hfg-onboard,controllers/order_controller.py,36,GET,/vendor/products,vendor_all_products
hfg-onboard,controllers/order_controller.py,59,POST,/orders,place_order
hfg-onboard,controllers/order_controller.py,128,GET,/vendors/<int:vendor_id>/orders,list_vendor_orders
hfg-onboard,controllers/super_admin_controller.py,133,GET,/admin/vendors,list_vendors
hfg-onboard,controllers/super_admin_controller.py,167,GET,/admin/vendors/<int:vendor_id>,get_vendor
hfg-onboard,controllers/super_admin_controller.py,176,POST,/admin/vendors/<int:vendor_id>/status,update_vendor_status
hfg-onboard,controllers/super_admin_controller.py,194,POST,/admin/vendors/<int:vendor_id>/documents/verify,verify_vendor_documents
hfg-onboard,controllers/super_admin_controller.py,211,GET,/admin/vendors/<int:vendor_id>/subscriptions,get_vendor_subscriptions
hfg-onboard,controllers/super_admin_controller.py,218,GET,/admin/vendors/<int:vendor_id>/booking-queue,list_vendor_booking_queue
hfg-onboard,controllers/super_admin_controller.py,238,PATCH,/admin/vendors/<int:vendor_id>/booking-queue/<int:queue_id>,update_vendor_booking_queue
hfg-onboard,controllers/super_admin_controller.py,252,GET,/admin/subscriptions,list_subscriptions
hfg-onboard,controllers/super_admin_controller.py,267,GET,/admin/subscription-models,list_subscription_models
hfg-onboard,controllers/super_admin_controller.py,276,PUT,/admin/subscription-models,update_subscription_models
hfg-onboard,controllers/super_admin_controller.py,290,DELETE,/admin/subscription-models/<package_code>,delete_subscription_model
hfg-onboard,controllers/super_admin_controller.py,306,POST,/admin/vendors/<int:vendor_id>/subscriptions/change,change_subscription
hfg-onboard,controllers/super_admin_controller.py,343,POST,/admin/vendors/<int:vendor_id>/subscriptions/provision-default,provision_default_subscription
hfg-onboard,controllers/super_admin_controller.py,360,GET,/admin/vendors/<int:vendor_id>/team-access,get_vendor_team_access
hfg-onboard,controllers/super_admin_controller.py,367,POST,/admin/vendors/<int:vendor_id>/team-access/staff,create_vendor_staff
hfg-onboard,controllers/super_admin_controller.py,383,PATCH,/admin/vendors/<int:vendor_id>/team-access/staff/<int:staff_id>,update_vendor_staff
hfg-onboard,controllers/super_admin_controller.py,393,DELETE,/admin/vendors/<int:vendor_id>/team-access/staff/<int:staff_id>,delete_vendor_staff
hfg-onboard,controllers/super_admin_controller.py,402,PUT,/admin/vendors/<int:vendor_id>/team-access/role-permissions,replace_vendor_role_permissions
hfg-onboard,controllers/super_admin_controller.py,418,POST,/admin/vendors/<int:vendor_id>/credentials/reset-pin,reset_vendor_pin
hfg-onboard,controllers/super_admin_controller.py,428,POST,/admin/vendors/<int:vendor_id>/credentials/reset-password,reset_vendor_password
hfg-onboard,controllers/super_admin_controller.py,442,POST,/admin/vendors/<int:vendor_id>/notifications/deactivation,send_vendor_deactivation_notification
hfg-onboard,controllers/super_admin_controller.py,454,GET,/admin/vendors/<int:vendor_id>/notifications/deactivation,vendor_deactivation_notification_summary
hfg-onboard,controllers/super_admin_controller.py,461,POST,/admin/vendors/<int:vendor_id>/notifications/request-info,send_vendor_information_request
hfg-onboard,controllers/super_admin_controller.py,477,POST,/admin/newsletters/preview,preview_newsletter
hfg-onboard,controllers/super_admin_controller.py,497,POST,/admin/newsletters/send,send_newsletter
hfg-onboard,controllers/super_admin_controller.py,519,POST,/admin/vendors/<int:vendor_id>/notifications/promotion/early-onboard,send_vendor_early_onboard_promotion
hfg-onboard,controllers/super_admin_controller.py,536,GET|POST,/promotions/early-onboard/claim,claim_early_onboard_promotion
hfg-onboard,controllers/super_admin_controller.py,567,GET,/admin/settlements/daily,get_daily_settlement_summary
hfg-onboard,controllers/super_admin_controller.py,581,POST,/admin/settlements/daily/settle,settle_vendor_daily
hfg-onboard,controllers/super_admin_controller.py,602,DELETE,/admin/vendors/<int:vendor_id>,deboard_vendor_admin
hfg-onboard,controllers/vendor_games.py,15,GET,/games/health,health_check
hfg-onboard,controllers/vendor_games.py,25,GET,/games/platforms,list_game_discovery_platforms
hfg-onboard,controllers/vendor_games.py,35,GET,/games/search,search_discovery_games
hfg-onboard,controllers/vendor_games.py,50,GET,/games/popular,popular_discovery_games
hfg-onboard,controllers/vendor_games.py,64,POST,/games/discovery-events,record_game_discovery_event
hfg-onboard,controllers/vendor_games.py,77,GET,/games/test-cloudinary,test_cloudinary_connection
hfg-onboard,controllers/vendor_games.py,135,POST,/games/add-image,add_cover_image
hfg-onboard,controllers/vendor_games.py,203,POST,/vendors/<int:vendor_id>/supported-games,add_supported_game
hfg-onboard,controllers/vendor_games.py,231,DELETE,/vendors/<int:vendor_id>/supported-games,delete_supported_game
hfg-onboard,controllers/vendor_games.py,249,GET,/vendors/<int:vendor_id>/supported-games,list_supported_games
hfg-onboard,controllers/vendor_games.py,265,GET,/games/<int:game_id>/vendors,list_vendors_for_game
hfg-onboard,controllers/vendor_games.py,282,POST,/games,create_game
hfg-onboard,controllers/vendor_games.py,309,POST,/games/batch,create_games_batch
hfg-onboard,controllers/vendor_games.py,352,GET,/games,get_all_games
hfg-user-onboard,app/__init__.py,110,OPTIONS,/api,api_preflight
hfg-user-onboard,app/__init__.py,110,OPTIONS,/api/<path:_path>,api_preflight
hfg-user-onboard,controllers/community_tournament_controller.py,184,GET,/health,community_health
hfg-user-onboard,controllers/community_tournament_controller.py,189,GET,/hosts/program,get_host_program
hfg-user-onboard,controllers/community_tournament_controller.py,194,GET,/tournaments,list_community_tournaments
hfg-user-onboard,controllers/community_tournament_controller.py,203,GET,/tournaments/<uuid:tournament_id>,get_community_tournament
hfg-user-onboard,controllers/community_tournament_controller.py,211,GET,/tournaments/public/<uuid:tournament_id>,get_public_community_tournament
hfg-user-onboard,controllers/community_tournament_controller.py,222,GET,/tournaments/public/<uuid:tournament_id>/status,get_public_community_tournament_status
hfg-user-onboard,controllers/community_tournament_controller.py,248,POST,/hosts/verification,submit_host_verification_request
hfg-user-onboard,controllers/community_tournament_controller.py,258,GET,/hosts/me/verification,get_my_host_verification
hfg-user-onboard,controllers/community_tournament_controller.py,265,PATCH,/admin/hosts/<uuid:verification_id>/verification,admin_review_host_verification
hfg-user-onboard,controllers/community_tournament_controller.py,275,GET,/admin/hosts/verifications,admin_list_host_verifications
hfg-user-onboard,controllers/community_tournament_controller.py,284,POST,/tournaments,create_community_tournament
hfg-user-onboard,controllers/community_tournament_controller.py,294,PATCH,/tournaments/<uuid:tournament_id>,update_community_tournament
hfg-user-onboard,controllers/community_tournament_controller.py,304,POST,/tournaments/<uuid:tournament_id>/cancel,cancel_community_tournament
hfg-user-onboard,controllers/community_tournament_controller.py,314,GET,/me/tournaments,list_my_community_tournaments
hfg-user-onboard,controllers/community_tournament_controller.py,326,POST,/tournaments/<uuid:tournament_id>/registrations,register_community_tournament
hfg-user-onboard,controllers/community_tournament_controller.py,365,DELETE,/tournaments/<uuid:tournament_id>/registrations/me,cancel_my_community_registration
hfg-user-onboard,controllers/community_tournament_controller.py,375,POST,/tournaments/<uuid:tournament_id>/registrations/close,close_community_tournament_registration
hfg-user-onboard,controllers/community_tournament_controller.py,385,POST,/tournaments/<uuid:tournament_id>/start,start_community_tournament
hfg-user-onboard,controllers/community_tournament_controller.py,395,GET,/tournaments/<uuid:tournament_id>/registrations,list_managed_community_registrations
hfg-user-onboard,controllers/community_tournament_controller.py,404,GET,/admin/payments/pending,admin_list_pending_community_payments
hfg-user-onboard,controllers/community_tournament_controller.py,413,GET,/admin/payments/duplicate-recoveries,admin_list_duplicate_payment_recoveries
hfg-user-onboard,controllers/community_tournament_controller.py,422,POST,/internal/payments/process-pending,process_pending_community_payment_queue
hfg-user-onboard,controllers/community_tournament_controller.py,431,POST,/internal/evidence/purge-expired,purge_expired_community_evidence_assets
hfg-user-onboard,controllers/community_tournament_controller.py,440,PATCH,/tournaments/<uuid:tournament_id>/registrations/<uuid:registration_id>,manage_community_registration
hfg-user-onboard,controllers/community_tournament_controller.py,449,POST,/tournaments/<uuid:tournament_id>/results,submit_community_result
hfg-user-onboard,controllers/community_tournament_controller.py,459,PATCH,/tournaments/<uuid:tournament_id>/results/<uuid:result_id>,verify_community_result
hfg-user-onboard,controllers/community_tournament_controller.py,469,GET,/tournaments/<uuid:tournament_id>/results,list_managed_community_results
hfg-user-onboard,controllers/community_tournament_controller.py,478,GET,/tournaments/<uuid:tournament_id>/results/overview,get_community_results_overview
hfg-user-onboard,controllers/community_tournament_controller.py,487,POST,/tournaments/<uuid:tournament_id>/winners,submit_community_winners
hfg-user-onboard,controllers/community_tournament_controller.py,497,GET,/tournaments/<uuid:tournament_id>/payouts,list_managed_community_payouts
hfg-user-onboard,controllers/community_tournament_controller.py,506,POST,/tournaments/<uuid:tournament_id>/disputes,create_community_dispute
hfg-user-onboard,controllers/community_tournament_controller.py,516,POST,/chat/firebase-token,create_community_dispute_chat_token
hfg-user-onboard,controllers/community_tournament_controller.py,525,GET,/tournaments/<uuid:tournament_id>/disputes,list_managed_community_disputes
hfg-user-onboard,controllers/community_tournament_controller.py,534,PATCH,/admin/disputes/<uuid:dispute_id>,admin_review_community_dispute
hfg-user-onboard,controllers/community_tournament_controller.py,544,GET,/admin/tournaments/<uuid:tournament_id>/disputes,admin_list_community_disputes
hfg-user-onboard,controllers/community_tournament_controller.py,553,POST,/admin/tournaments/<uuid:tournament_id>/matches/<uuid:match_id>/resolve-result,admin_resolve_community_match_result
hfg-user-onboard,controllers/community_tournament_controller.py,564,GET,/admin/tournaments/<uuid:tournament_id>/payouts,admin_list_community_payouts
hfg-user-onboard,controllers/community_tournament_controller.py,573,PATCH,/admin/tournaments/<uuid:tournament_id>/payouts/<uuid:payout_id>,admin_review_community_payout
hfg-user-onboard,controllers/community_tournament_controller.py,583,POST,/files,create_community_file_asset
hfg-user-onboard,controllers/community_tournament_controller.py,593,POST,/tournaments/<uuid:tournament_id>/evidence/upload-signature,create_community_evidence_upload_signature
hfg-user-onboard,controllers/community_tournament_controller.py,602,POST,/tournaments/<uuid:tournament_id>/evidence/upload,upload_community_evidence
hfg-user-onboard,controllers/community_tournament_controller.py,617,GET,/hosts/me/dashboard,get_community_host_dashboard
hfg-user-onboard,controllers/community_tournament_controller.py,626,GET,/tournaments/<uuid:tournament_id>/control-room,get_community_control_room
hfg-user-onboard,controllers/community_tournament_controller.py,635,POST,/tournaments/<uuid:tournament_id>/teams,create_community_team
hfg-user-onboard,controllers/community_tournament_controller.py,644,PUT,/tournaments/<uuid:tournament_id>/teams/<uuid:team_id>/roster,replace_community_team_roster
hfg-user-onboard,controllers/community_tournament_controller.py,653,POST,/tournaments/<uuid:tournament_id>/teams/<uuid:team_id>/members,invite_community_team_member
hfg-user-onboard,controllers/community_tournament_controller.py,662,POST,/tournaments/<uuid:tournament_id>/teams/<uuid:team_id>/invitation,respond_community_team_invitation
hfg-user-onboard,controllers/community_tournament_controller.py,671,GET,/tournaments/<uuid:tournament_id>/teams,list_community_teams
hfg-user-onboard,controllers/community_tournament_controller.py,679,GET,/tournaments/public/<uuid:tournament_id>/teams,list_public_community_teams
hfg-user-onboard,controllers/community_tournament_controller.py,691,PATCH,/tournaments/<uuid:tournament_id>/teams/<uuid:team_id>,manage_community_team
hfg-user-onboard,controllers/community_tournament_controller.py,700,POST,/tournaments/<uuid:tournament_id>/matches/generate,generate_community_matches
hfg-user-onboard,controllers/community_tournament_controller.py,709,POST,/tournaments/<uuid:tournament_id>/matches,create_manual_community_match
hfg-user-onboard,controllers/community_tournament_controller.py,717,GET,/tournaments/<uuid:tournament_id>/matches,list_community_matches
hfg-user-onboard,controllers/community_tournament_controller.py,729,GET,/tournaments/<uuid:tournament_id>/matches/private,list_private_community_matches
hfg-user-onboard,controllers/community_tournament_controller.py,742,GET,/tournaments/<uuid:tournament_id>/leaderboard,get_community_leaderboard
hfg-user-onboard,controllers/community_tournament_controller.py,754,PATCH,/tournaments/<uuid:tournament_id>/matches/<uuid:match_id>,manage_community_match
hfg-user-onboard,controllers/community_tournament_controller.py,763,GET,/tournaments/<uuid:tournament_id>/matches/<uuid:match_id>/result-state,get_community_match_result_state
hfg-user-onboard,controllers/community_tournament_controller.py,772,POST,/tournaments/<uuid:tournament_id>/matches/<uuid:match_id>/result-proposals,create_community_result_proposal
hfg-user-onboard,controllers/community_tournament_controller.py,781,POST,/tournaments/<uuid:tournament_id>/matches/<uuid:match_id>/result-proposals/<uuid:proposal_id>/accept,accept_community_result_proposal
hfg-user-onboard,controllers/community_tournament_controller.py,790,POST,/tournaments/<uuid:tournament_id>/matches/<uuid:match_id>/result-proposals/<uuid:proposal_id>/dispute,dispute_community_result_proposal
hfg-user-onboard,controllers/community_tournament_controller.py,799,POST,/tournaments/<uuid:tournament_id>/matches/<uuid:match_id>/result-submissions,submit_community_captain_result
hfg-user-onboard,controllers/community_tournament_controller.py,808,POST,/tournaments/<uuid:tournament_id>/announcements,create_community_announcement
hfg-user-onboard,controllers/community_tournament_controller.py,817,GET,/tournaments/<uuid:tournament_id>/announcements,list_community_announcements
hfg-user-onboard,controllers/community_tournament_controller.py,826,GET,/tournaments/<uuid:tournament_id>/audit-log,list_community_audit_log
hfg-user-onboard,controllers/community_tournament_controller.py,834,GET,/rules/template,get_community_rule_template
hfg-user-onboard,controllers/community_tournament_controller.py,844,GET,/tournaments/<uuid:tournament_id>/readiness,get_community_tournament_readiness
hfg-user-onboard,controllers/community_tournament_controller.py,853,POST,/tournaments/<uuid:tournament_id>/reviews,create_community_tournament_review
hfg-user-onboard,controllers/community_tournament_controller.py,861,GET,/hosts/<int:host_user_id>/profile,get_public_community_host_profile
hfg-user-onboard,controllers/community_tournament_controller.py,870,POST,/internal/operations/process-deadlines,process_community_operational_deadlines
hfg-user-onboard,controllers/event_controller.py,9,GET,/events,get_open_events
hfg-user-onboard,controllers/event_controller.py,20,GET,/events/<int:id>,get_event
hfg-user-onboard,controllers/event_controller.py,32,POST,/events/<int:id>/teams,create_team
hfg-user-onboard,controllers/event_controller.py,45,POST,/events/<int:id>/registrations,create_registration
hfg-user-onboard,controllers/event_controller.py,58,GET,/events/<int:id>/results,get_results
hfg-user-onboard,controllers/event_participation_controller.py,284,POST,/events/<uuid:event_id>/teams,create_team
hfg-user-onboard,controllers/event_participation_controller.py,323,POST,/events/<uuid:event_id>/teams/<uuid:team_id>/join,join_team
hfg-user-onboard,controllers/event_participation_controller.py,381,POST,/events/<uuid:event_id>/teams/<uuid:team_id>/invite,invite_user_to_team
hfg-user-onboard,controllers/event_participation_controller.py,463,POST,/events/<uuid:event_id>/teams/<uuid:team_id>/invites/<uuid:invite_id>/respond,respond_team_invite
hfg-user-onboard,controllers/event_participation_controller.py,570,DELETE,/events/<uuid:event_id>/teams/<uuid:team_id>/leave,leave_team
hfg-user-onboard,controllers/event_participation_controller.py,589,DELETE,/events/<uuid:event_id>/teams/<uuid:team_id>/members/<int:target_user_id>/force-remove,force_remove_team_member
hfg-user-onboard,controllers/event_participation_controller.py,682,POST,/events/<uuid:event_id>/register,register_team
hfg-user-onboard,controllers/event_participation_controller.py,760,POST,/payments/intent,make_payment_intent
hfg-user-onboard,controllers/event_participation_controller.py,803,POST,/payments/webhook,payment_webhook
hfg-user-onboard,controllers/event_participation_controller.py,880,POST,/payments/verify,verify_payment
hfg-user-onboard,controllers/event_participation_controller.py,1068,GET,/events/<uuid:event_id>/teams/<uuid:team_id>/members,get_team_members
hfg-user-onboard,controllers/event_participation_controller.py,1200,GET,/users/<int:user_id>/teams,get_user_teams
hfg-user-onboard,controllers/event_participation_controller.py,1263,GET,/users/<int:user_id>/tournaments/joined,get_user_joined_tournaments
hfg-user-onboard,controllers/event_public_controller.py,64,GET,/events/public,list_public_events
hfg-user-onboard,controllers/event_public_controller.py,236,GET,/gamers/<int:user_id>/profile,get_public_gamer_profile
hfg-user-onboard,controllers/event_public_controller.py,311,GET,/events/<uuid:event_id>,get_event
hfg-user-onboard,controllers/event_public_controller.py,472,GET,/events/<uuid:event_id>/leaderboard,get_event_leaderboard
hfg-user-onboard,controllers/event_public_controller.py,672,GET,/events/<uuid:event_id>/results/provisional,get_event_provisional_results
hfg-user-onboard,controllers/review_controller.py,114,POST,/reviews,create_review
hfg-user-onboard,controllers/review_controller.py,183,PATCH,/reviews/<uuid:review_id>,edit_review
hfg-user-onboard,controllers/review_controller.py,223,GET,/vendors/<int:vendor_id>/reviews,list_reviews
hfg-user-onboard,controllers/review_controller.py,268,GET,/vendors/<int:vendor_id>/reviews/summary,reviews_summary
hfg-user-onboard,controllers/review_controller.py,279,GET,/internal/vendors/<int:vendor_id>/reviews,internal_list_reviews
hfg-user-onboard,controllers/review_controller.py,319,GET,/internal/vendors/<int:vendor_id>/reviews/summary,internal_reviews_summary
hfg-user-onboard,controllers/review_controller.py,326,PATCH,/internal/reviews/<uuid:review_id>/response,internal_respond_review
hfg-user-onboard,controllers/review_controller.py,351,PATCH,/internal/reviews/<uuid:review_id>/status,internal_update_review_status
hfg-user-onboard,controllers/tournament_engine_controller.py,104,GET,/events/<uuid:event_id>/matches,list_event_matches
hfg-user-onboard,controllers/tournament_engine_controller.py,116,POST,/events/<uuid:event_id>/teams/<uuid:team_id>/check-in,check_in_team
hfg-user-onboard,controllers/tournament_engine_controller.py,130,POST,/events/<uuid:event_id>/matches/<uuid:match_id>/confirm,confirm_match
hfg-user-onboard,controllers/tournament_engine_controller.py,152,POST,/events/<uuid:event_id>/matches/<uuid:match_id>/result-submissions,submit_match_result
hfg-user-onboard,controllers/tournament_engine_controller.py,207,POST,/events/<uuid:event_id>/matches/<uuid:match_id>/disputes,open_match_dispute
hfg-user-onboard,controllers/tournament_engine_controller.py,231,POST,/events/<uuid:event_id>/matches/<uuid:match_id>/veto,add_map_veto
hfg-user-onboard,controllers/user_controller.py,605,POST,/notify-user,notify_user
hfg-user-onboard,controllers/user_controller.py,764,POST,/cron/notifications/daily,cron_trigger_daily_notifications
hfg-user-onboard,controllers/user_controller.py,819,GET,/cron/notifications/jobs/<int:job_id>,get_notification_dispatch_job
hfg-user-onboard,controllers/user_controller.py,830,GET,/cron/notifications/failures,list_notification_dispatch_failures
hfg-user-onboard,controllers/user_controller.py,849,GET,/cron/notifications/failures/summary,notification_dispatch_failures_summary
hfg-user-onboard,controllers/user_controller.py,876,PATCH,/cron/notifications/failures/<int:failure_id>/unblock,unblock_notification_dispatch_failure
hfg-user-onboard,controllers/user_controller.py,892,POST,/users,create_user
hfg-user-onboard,controllers/user_controller.py,1061,POST,/users/register-fcm-token,register_fcm_token
hfg-user-onboard,controllers/user_controller.py,1093,DELETE,/users,delete_user_id
hfg-user-onboard,controllers/user_controller.py,1175,POST,/users/restore,restore_deleted_user
hfg-user-onboard,controllers/user_controller.py,1291,POST,/internal/users/purge-deleted,purge_soft_deleted_users
hfg-user-onboard,controllers/user_controller.py,1318,GET,/users,get_user
hfg-user-onboard,controllers/user_controller.py,1372,GET,/users/phone/registered,get_registered_phone_status
hfg-user-onboard,controllers/user_controller.py,1428,PUT,/users/phone,update_registered_phone
hfg-user-onboard,controllers/user_controller.py,1509,GET,/users/fid/<string:user_fid>,get_user_by_fid_auth
hfg-user-onboard,controllers/user_controller.py,1582,GET,/users/search,search_users
hfg-user-onboard,controllers/user_controller.py,1726,POST,/users/create-voucher,create_voucher_for_referral_points
hfg-user-onboard,controllers/user_controller.py,1752,GET,/users/voucher,get_voucher_by_user
hfg-user-onboard,controllers/user_controller.py,1775,GET,/users/hash-coins,get_user_hash_coins
hfg-user-onboard,controllers/user_controller.py,1819,POST,/users/hash-coins,add_hash_coins
hfg-user-onboard,controllers/user_controller.py,1869,GET,/users/wallet,get_wallet_balance_auth
hfg-user-onboard,controllers/user_controller.py,1895,POST,/users/wallet,add_wallet_balance
hfg-user-onboard,controllers/user_controller.py,1987,POST,/user/purchase_pass,user_purchase_pass
hfg-user-onboard,controllers/user_controller.py,2065,GET,/users/transactions,user_transaction_history
hfg-user-onboard,controllers/user_controller.py,2118,GET,/user/available_passes,user_available_passes
hfg-user-onboard,controllers/user_controller.py,2184,GET,/user/all_passes,user_all_passes
hfg-user-onboard,controllers/user_controller.py,2226,GET,/user/passes,user_passes
hfg-user-onboard,controllers/user_controller.py,2269,GET,/user/passes/history,user_passes_history
hfg-user-onboard,controllers/user_controller.py,2300,GET,/passes/<int:pass_id>,pass_details
hfg-user-onboard,controllers/user_controller.py,2328,GET,/vendor/<int:vendor_id>/extras/categories,get_extra_service_categories
hfg-user-onboard,controllers/user_controller.py,2353,GET,/vendor/<int:vendor_id>/extras/category/<int:category_id>/menus,get_extra_service_menus
hfg-user-onboard,controllers/user_controller.py,2388,GET,/vendor/<int:vendor_id>/extras/category/<int:category_id>/menu/<int:menu_id>,get_extra_service_menu_item
hfg-user-onboard,controllers/user_controller.py,2425,GET,/vendor/<int:vendor_id>/extraService,get_extra_service
hfg-user-onboard,controllers/user_controller.py,2491,GET,/getAllFCMToken,get_all_fcm
hfg-user-onboard,controllers/user_controller.py,2519,GET,/user/<int:user_id>/available_passes,get_user_available_passes_by_id
hfg-user-onboard,controllers/user_controller.py,2600,GET,/users/notifications,list_user_notifications
hfg-user-onboard,controllers/user_controller.py,2662,PATCH,/users/notifications/<uuid:notification_id>/read,mark_notification_read
hfg-user-onboard,controllers/user_controller.py,2685,POST,/users/notifications/demo,trigger_demo_notification
